Name,Age,Balance,Account Number,PIN
Jack,22,89876.0,9436303,0
Rocky,10,300.0,1487755,6789
Michelle,61,789.0,1487756,2222
Izzy,21,90.0,6331477,3232
Lana Del Rey,34,900000.0,4132387,6767
Kelly Simona,82,90.0,6623544,1010
Christopher Garbett,66,10234.0,9522903,8989
Josie Lewis,39,100.0,6564518,9098
Polly Offland,21,900.0,6445969,3211
Harry Dubin,67,10000.0,1607568,8983
Harty Hamin,90,2134.0,1607570,789
Kathryn Jenkins,100,2345.0,1607572,1324
Ursula Lee,45,21.0,2948137,8983
Tinsley Mortimer,43,900.0,2503092,1456
Robyn Goldstone,21,900789.0,8167430,2207
Sophia Laboyrie,23,500.0,3726367,1234
Aimee Roe,22,12.0,3726369,9032
Elen Tobin,23,190.0,5866931,2456
Indie Lopheim,22,1.0,8041502,913
Harley Davidson,99,156.0,4534544,7393
Julia Tennant,25,1000.0,4222327,1212
Laura Macclesfield,52,2543.0,4222330,3213
Peter Roger,109,3.0,4222333,1234
Yotti Wilkson,26,900.0,8877905,1010
Hilaria Baldwin,42,1103.3000000000004,8844047,3423
Robbie Williams,89,210.0,7247187,6756
Lottie Needham,96,104.5,7247189,1023
Christopher Mather,60,1000000.0,9790968,1034

lUISA eDWARDS,1029,1344.0,6962242,90

